SampleID	Sample	EUKfrac	DNA_extract_conc_ng-ÂµL	Sect_ID	Station_number	Cast_number	Samp_number	Date	time	lon	lat	bottom_depth	depth		Sample_ID	swDepth	swDepth2		Temperature	Salinity	Expocode	Pressure	Oxygen	Phosphate	Silicate	Nitrate	Nitrite	comments
P16N-S04-N01	P16N-S02-N01	0.00775224	1.01200689557309	P16N	4	3	1	20060215	20060215T20:39	-151.0009	-14.0002	4286	1001.01226042318		P16N-S04-N01	1001.012265	1001		4.1326	34.5166	P16N_3250TT191	1009.3	130.3	2.46	68.41	35.81	0.01	TM1/DNA8
P16N-S04-N02	P16N-S02-N04	0.02724576	2.92332224078839	P16N	4	3	2	20060215	20060215T20:47	-151.0009	-14.0002	4286	702.98958468347		P16N-S04-N02	702.9895877	703		5.5264	34.4619	P16N_3250TT191	708.3	147.3	2.19	39.33	32.6	0.01	TM2/DNA7
P16N-S04-N04	P16N-S02-N05	0.02243989	4.6925463794186	P16N	4	3	4	20060215	20060215T20:57	-151.0009	-14.0002	4286	254.853817818891		P16N-S04-N04	254.8538189	255		19.3434	35.626	P16N_3250TT191	256.5	169.8	0.58	0.78	5.46	0.02	TM4/DNA6
P16N-S04-N05	P16N-S02-N06	0.02143735	5.83619197578263	P16N	4	3	5	20060215	20060215T20:59	-151.0009	-14.0002	4286	203.411724087346		P16N-S04-N05	203.411725	203		22.6075	36.1251	P16N_3250TT191	204.7	177.2	0.44	0.39	3.02	0.06	TM5/DNA5
P16N-S04-N06	P16N-S02-N08	0.02350207	12.1447900592992	P16N	4	3	6	20060215	20060215T21:01	-151.0009	-14.0002	4286	156.228611572262		P16N-S04-N06	156.2286122	156		24.9995	36.3531	P16N_3250TT191	157.2	191.6	0.26	0.19	0.19	0.12	TM6/DNA4
P16N-S04-N08	P16N-S04-N01	0.01457887	0.965481456248766	P16N	4	3	8	20060215	20060215T21:02	-151.0009	-14.0002	4286	103.569401992712		P16N-S04-N08	103.5694024	104		27.9785	36.2407	P16N_3250TT191	104.2	200.8	0.18	0.29	0.1	0.01	TM8/DNA3
P16N-S04-N11	P16N-S04-N02	0.00844153	1.66021943534841	P16N	4	3	11	20060215	20060215T21:04	-151.0009	-14.0002	4286	42.5473122916846		P16N-S04-N11	42.54731248	43		29.0668	36.1417	P16N_3250TT191	42.8	193.8	0.18	0.19	0.19	0.01	TM11/DNA2
P16N-S04-N12	P16N-S04-N04	0.01184275	4.03804661811297	P16N	4	3	12	20060215	20060215T21:05	-151.0009	-14.0001	4286	23.4617598550857		P16N-S04-N12	23.46175986	23		29.1665	36.1183	P16N_3250TT191	23.6	194.1	0.18	0.29	0.1	0.01	TM12/DNA1
P16N-S08-N03	P16N-S04-N05	0.01091506	4.4297405194515	P16N	8	1	3	20060217	20060217T07:37	-151.0008	-10	4649	501.43445841957		P16N-S08-N03	501.4344584	501		7.5063	34.5843	P16N_3250TT191	504.9	140.5	2.3	33.47	34.25	0.01	
P16N-S08-N04	P16N-S04-N06	0.01838687	10.1096164499367	P16N	8	1	4	20060217	20060217T07:43	-151.0008	-10	4646	251.01881208484		P16N-S08-N04	251.0188121	251		16.4869	35.2401	P16N_3250TT191	252.6	157.2	0.96	3.51	10.83	0.01	
P16N-S08-N05	P16N-S04-N08	0.0491478	17.4889283600657	P16N	8	1	5	20060217	20060217T07:44	-151.0008	-10	4647	202.051484272406		P16N-S08-N05	202.0514843	202		20.6876	35.8367	P16N_3250TT191	203.3	165.6	0.64	1.07	6.24	0.02	
P16N-S08-N06	P16N-S04-N11	0.02000135	13.1255966180281	P16N	8	1	6	20060217	20060217T07:46	-151.0008	-10	4648	152.873777985545		P16N-S08-N06	152.873778	153		23.6486	36.2918	P16N_3250TT191	153.8	179.8	0.45	0.49	3.12	0.1	
P16N-S08-N08	P16N-S04-N12	0.0124144	15.9529601402101	P16N	8	1	8	20060217	20060217T07:48	-151.0008	-10	4648	103.087994547671		P16N-S08-N08	103.0879945	103		27.3231	36.3596	P16N_3250TT191	103.7	196.5	0.22	0.58	0.1	0.01	
P16N-S08-N11	P16N-S08-N03	0.01162166	2.4021115759254	P16N	8	1	11	20060217	20060217T07:50	-151.0008	-10	4648	36.4893316362989		P16N-S08-N11	36.48933164	36		29.1895	35.9801	P16N_3250TT191	36.7	194.2	0.2	0.29	0	0.01	
P16N-S08-N12	P16N-S08-N04	0.00943254	3.58913900084859	P16N	8	1	12	20060217	20060217T07:51	-150.9999	-10	4648	21.8744935114442		P16N-S08-N12	21.87449351	22		29.2148	35.9776	P16N_3250TT191	22	194.5	0.2	0.39	0.1	0.01	
P16N-S12-N01	P16N-S08-N05	0.03150439	4.85727158351282	P16N	12	3	1	20060219	20060219T00:28	-151.0007	-6	5031	1002.05554825439		P16N-S12-N01	1002.055548	1002		4.3718	34.5491	P16N_3250TT191	1010.1	86.9	2.75	78.46	39.42	0.02	
P16N-S12-N03	P16N-S08-N06	0.00795872	6.46302796235488	P16N	12	3	3	20060219	20060219T00:40	-151.0007	-6.0001	5030	502.87419406711		P16N-S12-N03	502.874195	503		8.3303	34.6424	P16N_3250TT191	506.3	53	2.45	32.69	36.49	0.02	
P16N-S12-N04	P16N-S08-N08	0.04728513	15.3607038720545	P16N	12	3	4	20060219	20060219T00:46	-151.0007	-6	5030	255.017193314124		P16N-S12-N04	255.0171933	255		12.5592	34.9346	P16N_3250TT191	256.6	65	1.95	16.1	26.54	0.02	
P16N-S12-N05	P16N-S08-N11	0.08018612	15.6536883953671	P16N	12	3	5	20060219	20060219T00:48	-151.0007	-6	5030	206.244530487381		P16N-S12-N05	206.2445305	206		15.4185	35.1865	P16N_3250TT191	207.5	117.1	1.45	7.51	17.85	0.03	
P16N-S12-N06	P16N-S08-N12	0.05863255	12.6113018968484	P16N	12	3	6	20060219	20060219T00:49	-151.0007	-6	5030	156.267877863314		P16N-S12-N06	156.2678779	156		19.3276	35.5736	P16N_3250TT191	157.2	155.1	0.86	1.56	8.97	0.08	
P16N-S12-N08	P16N-S12-N01	0.03149254	1.43199329379803	P16N	12	3	8	20060219	20060219T00:50	-151.0007	-6	5030	103.297248787692		P16N-S12-N08	103.2972488	103		27.14	36.245	P16N_3250TT191	103.9	188.9	0.41	0.39	1.56	1.11	
P16N-S12-N11	P16N-S12-N03	0.00215613	3.21127698687674	P16N	12	3	11	20060219	20060219T00:53	-151.0007	-6	5030	36.5924628768668		P16N-S12-N11	36.59246288	37		27.9745	35.7597	P16N_3250TT191	36.8	199.8	0.38	0.39	2.44	0.09	
P16N-S12-N12	P16N-S12-N04	0.01568044	4.32663008635436	P16N	12	3	12	20060219	20060219T00:54	-151.0007	-6	5030	20.7829337482026		P16N-S12-N12	20.78293375	21		27.9902	35.7626	P16N_3250TT191	20.9	199.6	0.38	0.49	2.53	0.09	
P16N-S18-N01	P16N-S12-N05	0.07410562	5.47216184917748	P16N	18	2	1	20060221	20060221T05:11	-150.9953	-0.997	4685	1001.31997585781		P16N-S18-N01	1001.319982	1001		4.6105	34.5506	P16N_3250TT191	1009.3	82.4	2.74	77.39	39.05	0.01	
P16N-S18-N03	P16N-S12-N06	0.04442292	6.826429366807	P16N	18	2	3	20060221	20060221T05:23	-150.9934	-0.996	4685	502.803189102084		P16N-S18-N03	502.8031907	503		7.2386	34.5868	P16N_3250TT191	506.2	50.4	2.59	43.18	37.89	0.01	
P16N-S18-N04	P16N-S12-N08	0.0636776	8.0757002848803	P16N	18	2	4	20060221	20060221T05:29	-150.9925	-0.9957	4683	250.859713955162		P16N-S18-N04	250.8597145	251		12.0611	34.8757	P16N_3250TT191	252.4	70.3	1.87	19.55	27.21	0.01	
P16N-S18-N05	P16N-S12-N11	0.05996717	23.1040459087886	P16N	18	2	5	20060221	20060221T05:30	-150.9923	-0.9956	4682	204.070371437913		P16N-S18-N05	204.0703718	204		12.9024	34.9658	P16N_3250TT191	205.3	102.2	1.6	13.69	22.57	0.02	
P16N-S18-N06	P16N-S12-N12	0.06309237	23.7962689992761	P16N	18	2	6	20060221	20060221T05:31	-150.9921	-0.9954	4682	153.19600011175		P16N-S18-N06	153.1960003	153		15.67	35.2601	P16N_3250TT191	154.1	103	1.41	8.37	18.57	0.03	
P16N-S18-N08	P16N-S18-N01	0.03965163	1.96703584602771	P16N	18	2	8	20060221	20060221T05:33	-150.9917	-0.9953	4682	102.408436537946		P16N-S18-N08	102.4084366	102		21.0054	35.6019	P16N_3250TT191	103	173.6	0.98	3.06	9.6	2.02	
P16N-S18-N11	P16N-S18-N03	0.0454124	2.95475834843995	P16N	18	2	11	20060221	20060221T05:35	-150.9911	-0.995	4682	37.9865689754949		P16N-S18-N11	37.98656898	38		25.6715	35.2952	P16N_3250TT191	38.2	205.8	0.58	1.84	5.56	0.34	
P16N-S18-N12	P16N-S18-N04	0.02779921	5.44512679659713	P16N	18	2	12	20060221	20060221T05:36	-150.991	-0.995	4682	23.4689729425805		P16N-S18-N12	23.46897294	23		25.7973	35.2903	P16N_3250TT191	23.6	205.6	0.59	2.08	5.68	0.34	
P16N-S21-N01	P16N-S18-N05	0.03542578	6.26938153922123	P16N	21	3	1	20060222	20060222T02:30	-150.9888	0.5002	3462	951.236003708653		P16N-S21-N01	951.2360037	951		4.5302	34.5556	P16N_3250TT191	958.7	86	2.75	80.72	39.34	0.01	
P16N-S21-N03	P16N-S18-N06	0.02851238	8.04237801076963	P16N	21	3	3	20060222	20060222T02:41	-150.9858	0.5001	3523	551.112518312526		P16N-S21-N03	551.1125182	551		7.5466	34.5983	P16N_3250TT191	554.9	80.5	2.6	42.8	38.12	0.01	
P16N-S21-N04	P16N-S18-N08	0.0552241	11.2997874856251	P16N	21	3	4	20060222	20060222T02:49	-150.9838	0.5002	3513	274.796974493786		P16N-S21-N04	274.7969745	275		11.9957	34.8578	P16N_3250TT191	276.5	94.3	1.82	20.19	27.04	0.01	
P16N-S21-N05	P16N-S18-N11	0.08158888	27.2617855067849	P16N	21	3	5	20060222	20060222T02:50	-150.9835	0.5002	3514	227.814334563002		P16N-S21-N05	227.8143346	228		12.3524	34.8793	P16N_3250TT191	229.2	107.1	1.64	17.92	24.14	0.01	
P16N-S21-N06	P16N-S18-N12	0.08592207	25.9006020454721	P16N	21	3	6	20060222	20060222T02:51	-150.9829	0.5001	3519	181.615873634863		P16N-S21-N06	181.6158736	182		12.9556	34.9322	P16N_3250TT191	182.7	125	1.41	14.5	20.55	0.01	
P16N-S21-N08	P16N-S21-N01	0.09516061	2.1795439337523	P16N	21	3	8	20060222	20060222T02:53	-150.9819	0.5002	3528	113.242979822866		P16N-S21-N08	113.2429798	113		16.8726	34.9688	P16N_3250TT191	113.9	133.9	0.91	8.08	13.07	0.04	
P16N-S21-N11	P16N-S21-N03	0.03436972	3.84251402852022	P16N	21	3	11	20060222	20060222T02:55	-150.9808	0.5002	3538	43.5547411278622		P16N-S21-N11	43.55474113	44		24.3702	35.1647	P16N_3250TT191	43.8	185.5	0.59	2.33	6.38	0.46	
P16N-S21-N12	P16N-S21-N04	0.00099091	6.0681904502512	P16N	21	3	12	20060222	20060222T02:55	-150.9806	0.5002	3538	26.0544044698287		P16N-S21-N12	26.05440447	26		25.1392	35.2793	P16N_3250TT191	26.2	185.8	0.56	1.94	5.84	0.44	
P16N-S26-N01	P16N-S21-N05	0.03270428	5.34956102933636	P16N	26	3	1	20060223	20060223T23:30	-150.999	3.9999	5049	999.91030067073		P16N-S26-N01	999.9103007	1000		4.3898	34.5623	P16N_3250TT191	1007.9	69.2	2.85	88.41	40.34	0.01	
P16N-S26-N03	P16N-S21-N06	0.03927393	6.24737626386513	P16N	26	3	3	20060223	20060223T23:42	-150.999	3.9999	5049	501.302987353203		P16N-S26-N03	501.3029874	501		7.3402	34.5818	P16N_3250TT191	504.7	58.8	2.75	48.1	39.27	0.01	
P16N-S26-N04	P16N-S21-N08	0.04866234	10.5113699057237	P16N	26	3	4	20060223	20060223T23:48	-150.999	3.9999	5049	253.038847591621		P16N-S26-N04	253.0388476	253		9.7302	34.6629	P16N_3250TT191	254.6	61.1	2.16	29.87	31.98	0.01	
P16N-S26-N05	P16N-S21-N11	0.06518621	25.4749571478699	P16N	26	3	5	20060223	20060223T23:49	-150.999	3.9999	5049	201.581707032102		P16N-S26-N05	201.581707	202		10.4547	34.6608	P16N_3250TT191	202.8	52.8	2.11	28.01	30.78	0.01	
P16N-S26-N06	P16N-S21-N12	0.12122958	24.1364076840661	P16N	26	3	6	20060223	20060223T23:51	-150.999	3.9999	5049	151.999819062562		P16N-S26-N06	151.9998191	152		12.9504	34.6101	P16N_3250TT191	152.9	86.4	1.67	19.2	23.79	0.01	
P16N-S26-N11	P16N-S26-N01	0.02913354	1.69794276453029	P16N	26	3	11	20060223	20060223T23:54	-150.999	3.9999	5049	37.3890748436192		P16N-S26-N08	101.61078	102		26.9696	34.8899	P16N_3250TT191	37.6	204.3	0.32	0.67	2.04	0.12	
P16N-S26-N12	P16N-S26-N03	0.03773072	2.02613572841265	P16N	26	3	12	20060223	20060223T23:55	-150.999	3.9999	5049	22.2751634684925		P16N-S26-N11	37.38907484	37		27.0191	34.8892	P16N_3250TT191	22.4	203.6	0.31	0.67	2.01	0.11	
P16N-S32-N01	P16N-S26-N04	0.05089447	3.61931766419409	P16N	32	1	1	20060226	20060226T05:09	-151.9402	10.0002	5143	954.549212665403		P16N-S26-N12	22.27516347	22		4.7577	34.5486	P16N_3250TT191	962.2	38.9	3.03	87.62	42.45	0.01	
P16N-S32-N03	P16N-S26-N05	0.04238548	3.0339773397219	P16N	32	1	3	20060226	20060226T05:20	-151.9402	10.0002	5068	501.335262225791		P16N-S32-N01	954.5492127	955		8.3341	34.595	P16N_3250TT191	504.8	21.4	2.82	45.75	36.63	0.01	
P16N-S32-N04	P16N-S26-N06	0.04893133	6.35425902988046	P16N	32	1	4	20060226	20060226T05:22	-151.9402	10.0002	5931	406.187239083694		P16N-S32-N03	501.3352622	501		9.3462	34.6512	P16N_3250TT191	408.9	25.5	2.64	37.14	35.66	0.01	
P16N-S32-N05	P16N-S26-N08	0.06529912	9.94929230091372	P16N	32	1	5	20060226	20060226T05:25	-151.9402	10.0002	5043	253.203693642115		P16N-S32-N04	406.1872391	406		10.5624	34.7089	P16N_3250TT191	254.8	20.4	2.32	28.87	33.58	0.01	
P16N-S32-N06	P16N-S26-N11	0.10395013	18.397431871196	P16N	32	1	6	20060226	20060226T05:28	-151.9402	10.0002	4479	158.040472799176		P16N-S32-N05	253.2036936	253		11.4585	34.7131	P16N_3250TT191	159	10.4	2.37	26.74	33.49	0.01	
P16N-S32-N08	P16N-S26-N12	0.04384869	19.6919707842875	P16N	32	1	8	20060226	20060226T05:29	-151.9402	10.0002	5011	106.665817839708		P16N-S32-N06	158.0404728	158		12.9248	34.6261	P16N_3250TT191	107.3	121.9	2.13	19.94	28.23	0.03	
P16N-S32-N11	P16N-S32-N01	0.06151451	1.61432271817712	P16N	32	1	11	20060226	20060226T05:32	-151.9402	10.0002	5167	41.161883002157		P16N-S32-N08	106.6658178	107		26.2071	34.5373	P16N_3250TT191	41.4	202.9	0.15	0.28	0.01	0.01	
P16N-S32-N12	P16N-S32-N03	0.01563232	1.98841239923077	P16N	32	1	12	20060226	20060226T05:33	-151.9402	10.0002	5179	21.87449337357		P16N-S32-N11	41.161883	41		26.7362	34.6508	P16N_3250TT191	22	202.7	0.15	0.01	0.02	0.01	
P16N-S36-N01	P16N-S32-N04	0.01931139	2.49579117672707	P16N	36	1	1	20060227	20060227T19:29	-152.0018	13.9987	5661	951.536384956633		P16N-S32-N12	21.87449337	22		4.5345	34.5347	P16N_3250TT191	959.3	44.8	2.99	93.44	42.22	0.01	
P16N-S36-N03	P16N-S32-N05	0.01632642	4.09714650049792	P16N	36	1	3	20060227	20060227T19:38	-152.0018	13.9987	5652	552.826449517005		P16N-S36-N01	951.5363808	952		6.9809	34.5198	P16N_3250TT191	556.8	32.9	2.86	58.58	39.13	0.01	
P16N-S36-N04	P16N-S32-N06	0.07968228	4.22540581971631	P16N	36	1	4	20060227	20060227T19:43	-152.0017	13.9987	5645	277.095085413315		P16N-S36-N03	552.8264471	553		9.6163	34.464	P16N_3250TT191	278.9	87.5	2.38	34.07	31.56	0.01	
P16N-S36-N05	P16N-S32-N08	0.03646579	4.94969374000843	P16N	36	1	5	20060227	20060227T19:45	-152.0017	13.9987	5644	226.155099391011		P16N-S36-N04	277.0950842	277		10.0324	34.3468	P16N_3250TT191	227.6	192.9	2.08	28.51	27.15	0.01	
P16N-S36-N06	P16N-S32-N11	0.04413433	15.1463096178708	P16N	36	1	6	20060227	20060227T19:47	-152.0018	13.9987	5701	174.805161531194		P16N-S36-N05	226.1550984	226		12.2249	34.1428	P16N_3250TT191	175.9	201.6	1.22	12.3	16.03	0.02	
P16N-S36-N08	P16N-S32-N12	0.04272624	17.5637462962764	P16N	36	1	8	20060227	20060227T19:49	-152.0018	13.9987	5697	108.339101015772		P16N-S36-N06	174.8051608	175		20.3843	34.568	P16N_3250TT191	109	224.3	0.27	1.2	0.38	0.02	
P16N-S36-N11	P16N-S36-N01	0.0351611	1.18616293196277	P16N	36	1	11	20060227	20060227T19:51	-152.0018	13.9987	5711	41.7521191127277		P16N-S36-N08	108.3391005	108		25.9004	34.365	P16N_3250TT191	42	206.1	0.13	0.07	0	0.01	
P16N-S36-N12	P16N-S36-N03	0.03835652	1.7463543703137	P16N	36	1	12	20060227	20060227T19:52	-152.0017	13.9988	5613	20.6783028065911		P16N-S36-N11	41.75211893	42		25.905	34.3617	P16N_3250TT191	20.8	206.4	0.13	0.04	0.01	0.01	
P16N-S40-N02	P16N-S36-N04	0.04498777	3.32696186303451	P16N	40	2	2	20060301	20060301T19:23	-152	18	5079	273.368095953591		P16N-S36-N12	20.67830281	21		14.9487	34.3731	P16N_3250TT191	275.2	26.6	0.84	11.46	12.46	0.01	
P16N-S40-N03	P16N-S36-N05	0.05056361	2.85039047103675	P16N	40	2	3	20060301	20060301T19:23	-152	18	5079	219.756219874766		P16N-S40-N01	546.1755734	546		14.9487	34.3944	P16N_3250TT191	221.2	24.9	0.41	4.15	5.5	0.01	
P16N-S40-N04	P16N-S36-N06	0.08171141	3.91355963181276	P16N	40	2	4	20060301	20060301T19:25	-152	18	5079	177.949120331631		P16N-S40-N02	273.368096	273		19.2217	34.8762	P16N_3250TT191	179.1	206.7	0.17	1.42	1.89	0.02	
P16N-S40-N05	P16N-S36-N08	0.03479181	15.9617622503525	P16N	40	2	5	20060301	20060301T19:26	-152	18	5079	142.689494807476		P16N-S40-N03	219.7562199	220		21.4876	35.0373	P16N_3250TT191	143.6	192	0.07	0.62	0.07	0.07	
P16N-S40-N06	P16N-S36-N11	0.04011138	10.1982662735141	P16N	40	2	6	20060301	20060301T19:27	-152	18	5078	113.384638182828		P16N-S40-N04	177.9491203	178		23.5951	34.9536	P16N_3250TT191	114.1	207.4	0.05	0.36	0.05	0.01	
P16N-S40-N09	P16N-S36-N12	0.03465315	9.50227085010843	P16N	40	2	9	20060301	20060301T19:29	-152	18	5079	46.8122997536697		P16N-S40-N05	142.6894948	143		23.7192	34.6042	P16N_3250TT191	47.1	212.9	0.09	0.32	0	0.01	
P16N-S40-N10	P16N-S40-N02	0.04502562	3.637550606632	P16N	40	2	10	20060301	20060301T19:30	-152	18	5079	24.252292601482		P16N-S40-N06	113.3846382	113		23.7481	34.5319	P16N_3250TT191	24.4	-999	0.09	0.29	0.02	0.01	
P16N-S47-N03-200731-run063	P16N-S40-N03	0.00702415	3.83748425129597	P16N	47	3	3	20060314	20060314T02:59	-152.0001	24.9995	5345	549.305068954733		P16N-S40-N09	46.81229975	47		7.0714	34.0345	P16N_3250TT191	553.6	210.4	-999	-999	-999	-999	
P16N-S47-N05-200731-run063	P16N-S40-N04	0.01188486	6.20147954669384	P16N	47	3	5	20060314	20060314T03:06	-152.0001	24.9995	5361	227.103446921273		P16N-S40-N10	24.2522926	24		16.8565	34.6948	P16N_3250TT191	228.7	209.3	0.28	2.83	3.32	0.02	
P16N-S47-N06-200731-run063	P16N-S40-N05	0.00828062	10.8917468083077	P16N	47	3	6	20060314	20060314T03:08	-152.0001	24.9995	5360	176.183421411963		P16N-S47-N01	949.0540761	949		19.2358	34.9562	P16N_3250TT191	177.4	202.5	0.18	1.46	1.86	0.03	
P16N-S47-N08-200731-run063	P16N-S40-N06	0.00111997	13.4311555844013	P16N	47	3	8	20060314	20060314T03:10	-152.0001	24.9995	5360	105.68848608369		P16N-S47-N03	549.305069	549		21.9777	35.2906	P16N_3250TT191	106.4	209.9	0.06	0.2	0	0.01	
P16N-S47-N11-200731-run063	P16N-S40-N09	0.00245428	12.3051142083222	P16N	47	3	11	20060314	20060314T03:12	-152.0001	24.9995	5371	39.9375816767858		P16N-S47-N05	227.1034469	227		22.023	35.2847	P16N_3250TT191	40.2	217.6	0.04	0.1	0	0.01	
P16N-S47-N12-200731-run063	P16N-S40-N10	0.0125523	12.4	P16N	47	3	12	20060314	20060314T03:13	-152.0001	24.9995	5373	19.7710695704964		P16N-S47-N06	176.1834214	176		22.0173	35.2853	P16N_3250TT191	19.9	217.7	0.04	0	0	0	
P16N-S51-N01	P16N-S51-N01	0.0356979	0.8	P16N	51	3	1	20060315	20060315T23:24	-151.9986	28.9939	5596	950.45244900513		P16N-S47-N08	105.6884861	106		3.7933	34.3497	P16N_3250TT191	959.1	15.7	3.1	117.27	43.6	0	
P16N-S51-N03	P16N-S51-N03	0.03436748	1.43730764717088	P16N	51	3	3	20060315	20060315T23:33	-151.9981	28.993	5508	549.042557699157		P16N-S47-N11	39.93758168	40		6.5185	33.9976	P16N_3250TT191	553.5	148.6	2.09	50.13	30.08	0	
P16N-S51-N04	P16N-S51-N04	0.0351234	1.98466296681895	P16N	51	3	4	20060315	20060315T23:39	-151.9976	28.992	5596	276.440266092615		P16N-S47-N12	19.77106957	20		12.2716	34.2382	P16N_3250TT191	278.5	217.5	0.68	8.35	9.05	0.01	
P16N-S51-N05	P16N-S51-N05	0.03906084	3.1822169855897	P16N	51	3	5	20060315	20060315T23:41	-151.9977	28.9919	5600	224.654654495416		P16N-S51-N01	950.4526273	950		14.2173	34.3915	P16N_3250TT191	226.3	210.2	0.47	5.01	5.62	0.01	
P16N-S51-N06	P16N-S51-N06	0.01921957	4.8884398850165	P16N	51	3	6	20060315	20060315T23:42	-151.9976	28.9919	5599	178.016600818944		P16N-S51-N03	549.0426221	549		16.7912	34.6576	P16N_3250TT191	179.3	228.3	0.18	2.24	1.47	0.06	
P16N-S51-N08	P16N-S51-N08	0.01426011	8.10904430858773	P16N	51	3	8	20060315	20060315T23:44	-151.9976	28.9917	5597	106.451254768196		P16N-S51-N04	276.4402769	276		19.2723	35.1755	P16N_3250TT191	107.2	226.9	0.04	0.83	0.03	0.02	
P16N-S51-N11	P16N-S51-N11	0.01920852	7.37148691131146	P16N	51	3	11	20060315	20060315T23:46	-151.9976	28.9916	5596	39.9257017344207		P16N-S51-N05	224.6546615	225		19.9067	35.2697	P16N_3250TT191	40.2	226.5	0.02	0.5	0.05	0	
P16N-S51-N12	P16N-S51-N12	0.01977856	9.0729620323938	P16N	51	3	12	20060315	20060315T23:46	-151.9976	28.9915	5596	20.8576810250564		P16N-S51-N06	178.0166064	178		19.9297	35.2698	P16N_3250TT191	21	226.2	0.02	0.53	0.06	0	
P16N-S55-N01	P16N-S55-N01	0.04391373	0.895066457819922	P16N	55	3	1	20060317	20060317T16:33	-152.0002	32.9997	5372	951.230014182256		P16N-S51-N08	106.4512564	106		3.53	34.3069	P16N_3250TT191	960.2	7.2	3.08	123.46	43.64	0	
P16N-S55-N03	P16N-S55-N03	0.15432012	1.52384514262493	P16N	55	3	3	20060317	20060317T16:42	-152.0002	32.9997	5372	552.725780517514		P16N-S51-N11	39.92570205	40		5.972	33.9822	P16N_3250TT191	557.4	135.1	2.19	56.78	31.73	0	
P16N-S55-N04	P16N-S55-N04	0.05868613	3.37308325463644	P16N	55	3	4	20060317	20060317T16:47	-152.0002	32.9997	5372	275.953506140025		P16N-S51-N12	20.85768103	21		10.5871	34.1486	P16N_3250TT191	278.1	219.7	0.9	13.59	13.29	0	
P16N-S55-N05	P16N-S55-N05	0.05351669	3.49821021291264	P16N	55	3	5	20060317	20060317T16:48	-152.0002	32.9997	5372	225.573279841522		P16N-S55-N01	951.2300142	951		11.4247	34.224	P16N_3250TT191	227.3	219.7	0.79	10.95	11.62	0.01	
P16N-S55-N06	P16N-S55-N06	0.04295985	4.56587641971153	P16N	55	3	6	20060317	20060317T16:50	-152.0002	32.9997	5372	177.46252413984		P16N-S55-N03	552.7257805	553		12.3641	34.2394	P16N_3250TT191	178.8	220.7	0.63	7.61	8.98	0.01	
P16N-S55-N08	P16N-S55-N08	0.01513543	10.0777503707122	P16N	55	3	8	20060317	20060317T16:52	-152.0002	32.9997	5372	108.004438821054		P16N-S55-N04	275.9535061	276		15.1777	34.4619	P16N_3250TT191	108.8	243.9	0.15	3.02	0.79	0.1	
P16N-S55-N11	P16N-S55-N11	0.01743248	10.0035544859052	P16N	55	3	11	20060317	20060317T16:53	-152.0002	32.9997	5372	43.0894800248138		P16N-S55-N05	225.5732798	226		17.0557	34.789	P16N_3250TT191	43.4	245	0.05	1.9	0.02	0	
P16N-S55-N12	P16N-S55-N12	0.0184971	8.77806482922025	P16N	55	3	12	20060317	20060317T16:54	-152.0002	32.9997	5372	21.5458735967163		P16N-S55-N06	177.4625241	177		17.4776	34.8586	P16N_3250TT191	21.7	241	0.05	1.81	0.04	0	
P16N-S61-N01	P16N-S61-N01	0.0391323	1.47165651178611	P16N	61	1	1	20060320	20060320T07:44	-152.0003	39	5779	998.636502378016		P16N-S55-N08	108.0044388	108		3.2747	34.3081	P16N_3250TT191	1008.7	8.9	3.11	130.3	44.18	0	
P16N-S61-N03	P16N-S61-N03	0.16048913	3.56423197481716	P16N	61	1	3	20060320	20060320T07:55	-152.0003	39	5777	501.456206023401		P16N-S55-N11	43.08948002	43		5.8247	33.9631	P16N_3250TT191	505.9	111.5	2.22	58.14	31.71	0	
P16N-S61-N04	P16N-S61-N04	0.03595446	4.62120894397437	P16N	61	1	4	20060320	20060320T08:00	-152.0003	39	5782	252.81386840823		P16N-S55-N12	21.5458736	22		9.3365	34.0623	P16N_3250TT191	254.9	215.9	1.12	18.83	16.29	0.01	
P16N-S61-N05	P16N-S61-N05	0.03672931	6.54401416210807	P16N	61	1	5	20060320	20060320T08:01	-152.0003	39	5777	201.661311805266		P16N-S61-N01	998.6365024	999		10.0966	34.089	P16N_3250TT191	203.3	216.9	0.99	14.73	14.44	0.01	
P16N-S61-N08	P16N-S61-N08	0.02074546	15.3632639951831	P16N	61	1	8	20060320	20060320T08:05	-152.0003	39	5778	103.880850855463		P16N-S61-N03	501.456206	501		11.9518	33.6524	P16N_3250TT191	104.7	258.8	0.24	1.85	0.78	0.09	
P16N-S61-N11	P16N-S61-N11	0.03213215	17.3696967783958	P16N	61	1	11	20060320	20060320T08:07	-152.0003	39	5777	38.0064635470876		P16N-S61-N04	252.8138684	253		12.017	33.6642	P16N_3250TT191	38.3	272.6	0.23	1.85	0.68	0.08	
P16N-S61-N12	P16N-S61-N12	0.02884805	19.7590557806548	P16N	61	1	12	20060320	20060320T08:08	-152.0003	39	5777	24.7099657858487		P16N-S61-N05	201.6613118	202		12.0157	33.6597	P16N_3250TT191	24.9	271.5	0.23	1.66	0.68	0.08	
P16N-S66-N01	P16N-S66-N01	0.02225936	1.60307125691036	P16N	66	3	1	20060324	20060324T00:26	-152.0004	45.0022	5281	1002.92433434078		P16N-S61-N06	153.27275	153		3.0835	34.3435	P16N_3250TT191	1013.6	19.5	3.08	135.99	43.38	0	
P16N-S66-N03	P16N-S66-N03	0.01570357	3.6566624414835	P16N	66	3	3	20060324	20060324T00:39	-152.0004	45.0022	5277	500.58688578008		P16N-S61-N08	103.8808509	104		4.5122	34.0284	P16N_3250TT191	505.3	54.8	2.68	84.62	38.01	0	
P16N-S66-N04	P16N-S66-N04	0.16034751	5.93912906732566	P16N	66	3	4	20060324	20060324T00:46	-152.0004	45.0021	5331	251.981436970436		P16N-S61-N11	38.00646355	38		6.3475	33.8672	P16N_3250TT191	254.2	174.6	1.67	38.31	23.06	0.01	
P16N-S66-N05	P16N-S66-N05	0.02587353	6.00515082923019	P16N	66	3	5	20060324	20060324T00:48	-152.0004	45.0022	5329	203.532263671283		P16N-S61-N12	24.70996579	25		6.9927	33.8563	P16N_3250TT191	205.3	204.5	1.4	28.93	19.06	0.01	
P16N-S66-N06	P16N-S66-N06	0.13680238	7.67015678659384	P16N	66	3	6	20060324	20060324T00:50	-152.0004	45.0021	5364	154.377862660929		P16N-S66-N01	1002.924334	1003		7.7128	33.7921	P16N_3250TT191	155.7	233.6	1.17	20.53	15.05	0.01	
P16N-S66-N08	P16N-S66-N08	0.15311191	15.7820305992632	P16N	66	3	8	20060324	20060324T00:51	-152.0004	45.0022	5275	104.41857398755		P16N-S66-N03	500.5868858	501		7.0729	32.9213	P16N_3250TT191	105.3	298.9	0.96	11.83	8.61	0.14	FILTER FELL ON FLOOR
P16N-S66-N11	P16N-S66-N11	0.05106062	13.5341468010853	P16N	66	3	11	20060324	20060324T00:55	-152.0004	45.0022	5274	37.1922109479786		P16N-S66-N04	251.9814346	252		7.0922	32.9221	P16N_3250TT191	37.5	299.9	0.96	11.93	8.61	0.15	
P16N-S66-N12	P16N-S66-N12	0.03939413	17.7098660468753	P16N	66	3	12	20060324	20060324T00:55	-152.0004	45.0022	5275	22.71284748208		P16N-S66-N05	203.5322637	204		7.0964	32.9229	P16N_3250TT191	22.9	299.9	0.96	11.93	8.61	0.14	
P16N-S72-N01	P16N-S72-N01	0.02619167	1.57540499477894	P16N	72	2	1	20060326	20060326T14:38	-151.9999	50.9998	4972	949.093642207484		P16N-S66-N06	154.3778612	154		2.8673	34.3764	P16N_3250TT191	959.6	19.2	3.04	142.2	43.56	0	
P16N-S72-N03	P16N-S72-N03	0.02050909	2.10672298343916	P16N	72	2	3	20060326	20060326T14:47	-151.9999	50.9998	4970	549.455560409353		P16N-S66-N08	104.418574	104		3.5262	34.1734	P16N_3250TT191	555	20	2.99	116.05	43.18	0	
P16N-S72-N04	P16N-S72-N04	0.01893947	3.81888734216319	P16N	72	2	4	20060326	20060326T14:54	-151.9999	50.9998	5010	276.000469789865		P16N-S66-N11	37.19221095	37		3.9739	33.9534	P16N_3250TT191	278.6	44	2.86	89.59	41.42	0	
P16N-S72-N05	P16N-S72-N05	0.01412315	4.71615452537993	P16N	72	2	5	20060326	20060326T14:56	-151.9999	50.9998	4950	225.306061494396		P16N-S66-N12	22.71284748	23		3.9332	33.8603	P16N_3250TT191	227.4	74.2	2.78	81.78	40.35	0	
P16N-S72-N06	P16N-S72-N06	0.01361624	5.02551363830399	P16N	72	2	6	20060326	20060326T14:57	-151.9998	50.9998	4956	176.679152114049		P16N-S72-N01	949.0936422	949		4.0571	33.8143	P16N_3250TT191	178.3	94	2.57	72.69	36.64	0	
P16N-S72-N08	P16N-S72-N08	0.02494337	8.32031394668221	P16N	72	2	8	20060326	20060326T15:00	-151.9998	50.9998	4956	107.531834663597		P16N-S72-N03	549.4555604	549		4.1743	33.5434	P16N_3250TT191	108.5	198.7	2.2	52.28	29.9	0.01	
P16N-S72-N11	P16N-S72-N11	0.09811531	21.6655127529836	P16N	72	2	11	20060326	20060326T15:03	-151.9999	50.9998	4940	41.7310464942694		P16N-S72-N04	276.0004698	276		4.5638	32.6655	P16N_3250TT191	42.1	315.2	1.35	23.37	13.01	0.13	
P16N-S72-N12	P16N-S72-N12	0.07699242	25.6588861801802	P16N	72	2	12	20060326	20060326T15:05	-151.9999	50.9998	4991	22.3038756541207		P16N-S72-N05	225.3060615	225		4.5731	32.665	P16N_3250TT191	22.5	316.7	1.35	23.37	13.01	0.13	
P16S-S05-N03	P16S-S05-N03	0.01133701	1.0931317435335	P16S	5	2	3	20050111	20050111T00:00	-150.0001	-18	-999	437.889329358417		P16N-S72-N06	176.6791521	177		10.109	34.5925	P16S_33RR200501	441	171.3	1.51	9.05	20	0	extracted 1/21/05 MM
P16S-S05-N05	P16S-S05-N05	0.02756134	2.0991776392215	P16S	5	2	5	20050111	20050111T00:00	-150.0001	-18	-999	218.068211833672		P16N-S72-N08	107.5318347	108		20.3194	35.7133	P16S_33RR200501	219.5	164.3	0.41	1.06	3.43	0.01	extracted 1/21/05 MM
P16S-S05-N08	P16S-S05-N08	0.02085346	7.13129345371595	P16S	5	2	8	20050111	20050111T00:00	-150.0001	-18	-999	89.937741107236		P16N-S72-N11	41.73104649	42		25.3227	35.9384	P16S_33RR200501	90.5	173.1	0.16	0.64	0.13	0	extracted 1/21/05 MM
P16S-S05-N10	P16S-S05-N10	0.01791702	8.28824623375715	P16S	5	2	10	20050111	20050111T00:00	-150.0001	-18	-999	54.4642493973459		P16N-S72-N12	22.30387565	22		26.1921	35.9553	P16S_33RR200501	54.8	204.2	0.14	0.64	0.02	0	extracted 1/21/05 MM
P16S-S05-N11	P16S-S05-N11	0.01401434	7.11683154396543	P16S	5	2	11	20050111	20050111T00:00	-150.0001	-18	-999	34.5884630722222		P16S-S05-N03	437.8893483	438		27.5811	36.0063	P16S_33RR200501	34.8	208.2	0.14	0.64	0.12	0	extracted 1/21/05 MM
P16S-S05-N12	P16S-S05-N12	0.01509984	6.92065259430627	P16S	5	2	12	20050111	20050111T00:00	-150.0001	-18	-999	20.0779221508279		P16S-S05-N05	218.0682213	218		28.3588	36.0813	P16S_33RR200501	20.2	196	0.17	0.85	0	0	extracted 1/21/05 MM
P16S-S05-N14	P16S-S05-N14	0.0253272	2.6386697507842	P16S	5	2	14	20050111	20050111T00:00	-150.0001	-18	-999	168.811995255896		P16S-S05-N08	89.937745	90		22.0795	35.8668	P16S_33RR200501	169.9	190.8	0.36	0.85	2.49	0.02	extracted 1/21/05 MM
P16S-S05-N15	P16S-S05-N15	0.0329147	7.74938290087927	P16S	5	2	15	20050111	20050111T00:00	-150.0001	-18	-999	119.54397208504		P16S-S05-N10	54.46425176	54		24.2617	35.891	P16S_33RR200501	120.3	176.6	0.19	0.64	-0.01	0	extracted 1/21/05 MM
P16S-S104-N21	P16S-S104-N21	0.17012757	2.53572911091381	  P16S	104	2	21	20050209	20050208T00:00	-150.0002	-67.5007	-999	422.701393248976		P16S-S05-N11	34.58846457	35		1.3501	34.7304	  33RR20050109	427.4	182.6	2.23	103.97	32.45	0	extracted 2/17/05 MM
P16S-S104-N23	P16S-S104-N23	0.09379536	1.70631608990092	  P16S	104	2	23	20050209	20050208T00:00	-150.0002	-67.5007	-999	323.088013284992		P16S-S05-N12	20.07792302	20		1.4438	34.7282	  33RR20050109	326.6	181.6	2.23	100.04	32.5	0.01	extracted 2/17/05 MM
P16S-S104-N25	P16S-S104-N25	0.079263	3.97173770142448	  P16S	104	2	25	20050209	20050208T00:00	-150.0002	-67.5007	-999	223.327402822339		P16S-S05-N14	168.8120026	169		1.4358	34.7075	  33RR20050109	225.7	181	2.25	94.85	32.55	0.02	extracted 2/17/05 MM
P16S-S104-N27	P16S-S104-N27	0.09355236	4.89825922369469	  P16S	104	2	27	20050209	20050208T00:00	-150.0002	-67.5007	-999	123.617160375599		P16S-S05-N15	119.5439773	120		-1.1325	34.1819	  33RR20050109	124.9	285.6	2.02	56.81	28.82	0.09	extracted 2/17/05 MM
P16S-S104-N28	P16S-S104-N28	0.08024332	6.52116842278966	  P16S	104	2	28	20050209	20050208T00:00	-150.0002	-67.5007	-999	93.8331532618899		P16S-S104-N21	422.7013932	423		-1.6891	34.0629	  33RR20050109	94.8	313.3	1.93	48.55	26.88	0.27	extracted 2/17/05 MM
P16S-S104-N29	P16S-S104-N29	0.04059921	14.5233080024256	  P16S	104	2	29	20050209	20050208T00:00	-150.0002	-67.5007	-999	58.8982073620204		P16S-S104-N23	323.0880133	323		-1.4738	33.9424	  33RR20050109	59.5	332	1.9	46.92	25.46	0.18	extracted 2/17/05 MM
P16S-S104-N30	P16S-S104-N30	0.1237827	25.5464531485735	  P16S	104	2	30	20050209	20050208T00:00	-150.0002	-67.5007	-999	39.0034019803514		P16S-S104-N25	223.3274028	223		-0.1649	33.556	  33RR20050109	39.4	348.6	1.38	32.91	20.5	0.14	extracted 2/17/05 MM
P16S-S104-N31	P16S-S104-N31	0.15193295	27.5937131956286	  P16S	104	2	31	20050209	20050208T00:00	-150.0002	-67.5007	-999	1.98004767616226		P16S-S104-N27	123.6171604	124		-0.0973	33.5094	  33RR20050109	2	350.6	1.41	34.57	19.9	0.12	extracted 2/17/05 MM
P16S-S15-N03	P16S-S15-N03	0.07964314	1.42575566779535	P16S	15	1	3	20050114	20050113T00:00	-150.0003	-23	-999	483.167070940025		P16S-S104-N28	93.83315326	94		8.8931	34.5016	P16S_33RR200501	486.8	229.7	1.34	5.16	18.81	0	extracted 1/21/05 MM
P16S-S15-N05	P16S-S15-N05	0.01712065	3.46551372130278	P16S	15	1	5	20050114	20050113T00:00	-150.0003	-23	-999	235.075247029951		P16S-S104-N29	58.89820736	59		17.8833	35.4466	P16S_33RR200501	236.7	206.7	0.25	0.42	1.79	0.02	extracted 1/21/05 MM
P16S-S15-N08	P16S-S15-N08	0.03622921	9.6885363648179	P16S	15	1	8	20050114	20050113T00:00	-150.0003	-23	-999	105.305683948712		P16S-S104-N30	39.00340198	39		20.8811	35.5646	P16S_33RR200501	106	212.3	0.09	0.22	0.06	0	extracted 1/21/05 MM
P16S-S15-N09	P16S-S15-N09	0.02310514	9.92118447819575	P16S	15	1	9	20050114	20050113T00:00	-150.0003	-23	-999	84.6461913999396		P16S-S104-N31	1.980047676	2		21.5951	35.5778	P16S_33RR200501	85.2	221.3	0.09	0.22	0.06	0	extracted 1/21/05 MM
P16S-S15-N10	P16S-S15-N10	0.02462788	7.39035027185561	P16S	15	1	10	20050114	20050113T00:00	-150.0003	-23	-999	63.984618060615		P16S-S15-N03	483.1670773	483		22.2563	35.6173	P16S_33RR200501	64.4	221.4	0.12	0.22	0.06	0	extracted 1/21/05 MM
P16S-S15-N11	P16S-S15-N11	0.02882566	6.44340957253927	P16S	15	1	11	20050114	20050113T00:00	-150.0003	-23	-999	39.2475925194116		P16S-S15-N05	235.0752501	235		24.2234	35.6165	P16S_33RR200501	39.5	217.6	0.11	0.22	0.06	0	extracted 1/21/05 MM
P16S-S15-N12	P16S-S15-N12	0.02119251	6.22962481970557	P16S	15	1	12	20050114	20050113T00:00	-150.0003	-23	-999	14.209490391094		P16S-S15-N08	105.3056853	105		26.6121	35.6588	P16S_33RR200501	14.3	201.7	0.12	0.42	0.06	0	extracted 1/21/05 MM
P16S-S15-N15	P16S-S15-N15	0.02754819	7.79213985144601	P16S	15	1	15	20050114	20050113T00:00	-150.0003	-23	-999	134.007008002324		P16S-S15-N09	84.64619252	85		20.4278	35.5741	P16S_33RR200501	134.9	203.3	0.09	0.22	0.06	0	extracted 1/21/05 MM
P16S-S33-N03	P16S-S33-N03	0.03163894	1.52321636394012	P16S	33	1	3	20050119	20050118T00:00	-150.0004	-32	-999	482.245681748061		P16S-S15-N10	63.98461891	64		7.8078	34.4345	P16S_33RR200501	486.2	237.6	1.36	5.1	19.6	0	extracted 1/21/05 MM
P16S-S33-N05	P16S-S33-N05	0.03786866	3.36428035304917	P16S	33	1	5	20050119	20050118T00:00	-150.0004	-32	-999	232.932361992943		P16S-S15-N11	39.24759304	39		14.757	35.2066	P16S_33RR200501	234.7	227.9	0.51	1.51	5.91	0.01	extracted 1/21/05 MM
P16S-S33-N08	P16S-S33-N08	0.03213808	8.58754488772433	P16S	33	1	8	20050119	20050118T00:00	-150.0004	-32	-999	104.142641182879		P16S-S15-N12	14.20949058	14		17.5471	35.4512	P16S_33RR200501	104.9	211.7	0.09	0.69	0.06	0	extracted 1/21/05 MM
P16S-S33-N09	P16S-S33-N09	0.05219453	10.8863597593714	P16S	33	1	9	20050119	20050118T00:00	-150.0004	-32	-999	86.3756205208776		P16S-S15-N15	134.0070098	134		18.0168	35.466	P16S_33RR200501	87	221.3	0.08	0.49	0.12	0	extracted 1/21/05 MM
P16S-S33-N10	P16S-S33-N10	0.04203303	10.3663597870377	P16S	33	1	10	20050119	20050118T00:00	-150.0004	-32	-999	66.3238372043975		P16S-S33-N03	482.2456618	482		18.8369	35.5146	P16S_33RR200501	66.8	241.2	0.07	0.48	0.06	0	extracted 1/21/05 MM
P16S-S33-N11	P16S-S33-N11	0.0365445	6.92505404509991	P16S	33	1	11	20050119	20050118T00:00	-150.0004	-32	-999	36.2424828451852		P16S-S33-N05	232.9323523	233		22.6575	35.441	P16S_33RR200501	36.5	237.8	0.07	0.48	0.06	0	extracted 1/21/05 MM
P16S-S33-N12	P16S-S33-N12	0.0194464	5.49269620111411	P16S	33	1	12	20050119	20050118T00:00	-150.0004	-32	-999	20.6540367620786		P16S-S33-N08	104.1426369	104		22.7762	35.4151	P16S_33RR200501	20.8	215.7	0.08	0.47	0.06	0	extracted 1/21/05 MM
P16S-S33-N15	P16S-S33-N15	0.03842902	10.1972183208251	P16S	33	1	15	20050119	20050118T00:00	-150.0004	-32	-999	135.007939435152		P16S-S33-N09	86.37561694	86		16.7138	35.4139	P16S_33RR200501	136	200.8	0.16	0.7	0.41	0.03	extracted 1/21/05 MM
P16S-S47-N03	P16S-S47-N03	0.07969666	2.37898415395973	P16S	47	1	3	20050123	20050122T00:00	-150.0005	-39	-999	467.397051963178		P16S-S33-N10	66.32383446	66		7.2153	34.3912	P16S_33RR200501	471.5	245.6	1.45	6.29	21.11	0	extracted 2/17/05 MM
P16S-S47-N04	P16S-S47-N04	0.12982843	2.68142670135094	P16S	47	1	4	20050123	20050122T00:00	-150.0005	-39	-999	262.428334514804		P16S-S33-N11	36.24248134	36		8.2571	34.4771	P16S_33RR200501	264.6	245.3	1.26	4.29	18.15	0	extracted 2/17/05 MM
P16S-S47-N08	P16S-S47-N08	0.04623033	10.0110998301229	P16S	47	1	8	20050123	20050122T00:00	-150.0005	-39	-999	168.444981617798		P16S-S33-N12	20.65403591	21		9.3636	34.5259	P16S_33RR200501	169.8	240.4	1.04	2.7	14.46	0.01	extracted 2/17/05 MM
P16S-S47-N09	P16S-S47-N09	0.14054209	18.7045939262368	P16S	47	1	9	20050123	20050122T00:00	-150.0005	-39	-999	69.0613368216716		P16S-S33-N15	135.0079338	135		12.3768	34.4292	P16S_33RR200501	69.6	259.2	0.37	0.53	2.56	0.07	extracted 2/17/05 MM
P16S-S47-N10	P16S-S47-N10	0.07318292	21.1184752972032	P16S	47	1	10	20050123	20050122T00:00	-150.0005	-39	-999	54.6754794722653		P16S-S47-N03	467.3970646	467		12.7169	34.4445	P16S_33RR200501	55.1	272	0.32	0.33	1.85	0.05	extracted 2/17/05 MM
P16S-S47-N12	P16S-S47-N12	0.03549101	20.4249324078633	P16S	47	1	12	20050123	20050122T00:00	-150.0005	-39	-999	19.1529644978905		P16S-S47-N04	262.4283416	262		18.0555	34.3796	P16S_33RR200501	19.3	239.7	0.23	0.15	0.41	0	extracted 2/17/05 MM
P16S-S47-N14	P16S-S47-N14	0.04406084	3.5560578519147	P16S	47	1	14	20050123	20050122T00:00	-150.0005	-39	-999	89.9934349457698		P16S-S47-N08	168.4449862	168		11.9558	34.4426	P16S_33RR200501	90.7	238.4	0.42	0.52	3.1	0.11	extracted 2/17/05 MM
P16S-S47-N15	P16S-S47-N15	0.04462601	5.62788361834718	P16S	47	1	15	20050123	20050122T00:00	-150.0005	-39	-999	221.588531207992		P16S-S47-N09	69.06133869	69		8.6641	34.5038	P16S_33RR200501	223.4	246.5	1.19	3.7	17.08	0	extracted 2/17/05 MM
P16S-S70-N26	P16S-S70-N26	0.02495409	2.60723081654395	  P16S	70	2	26	20050130	20050130T00:00	-149.9997	-50.4993	-999	499.840002826705		P16S-S47-N10	54.67548095	55		7.5652	34.4307	  33RR20050109	504.8	247.7	1.4	6.34	19.87	0	extracted 2/17/05 MM
P16S-S70-N28	P16S-S70-N28	0.02349207	4.44955236302261	  P16S	70	2	28	20050130	20050130T00:00	-149.9997	-50.4993	-999	400.028554562529		P16S-S47-N12	19.15296502	19		7.9978	34.477	  33RR20050109	403.9	244.6	1.33	5.55	18.86	0	extracted 2/17/05 MM
P16S-S70-N30	P16S-S70-N30	0.03546932	4.64573131268177	  P16S	70	2	30	20050130	20050130T00:00	-149.9997	-50.4993	-999	301.25763671675		P16S-S47-N14	89.99343738	90		8.7651	34.5642	  33RR20050109	304.1	251.4	1.09	3.95	15.06	0.01	extracted 2/17/05 MM
P16S-S70-N32	P16S-S70-N32	0.02598424	5.41912909499192	  P16S	70	2	32	20050130	20050130T00:00	-149.9997	-50.4993	-999	202.043076955412		P16S-S47-N15	221.5885372	222		9.1431	34.6005	  33RR20050109	203.9	268	0.89	2.56	11.81	0.01	extracted 2/17/05 MM
P16S-S70-N33	P16S-S70-N33	0.05795	5.78885096165726	  P16S	70	2	33	20050130	20050130T00:00	-149.9997	-50.4993	-999	152.120611444537		P16S-S70-N26	499.8400028	500		9.206	34.6025	  33RR20050109	153.5	267.1	0.89	2.56	11.71	0.01	extracted 2/17/05 MM
P16S-S70-N34	P16S-S70-N34	0.06990752	8.29139012718118	  P16S	70	2	34	20050130	20050130T00:00	-149.9997	-50.4993	-999	102.879603091995		P16S-S70-N28	400.0285546	400		9.4424	34.6052	  33RR20050109	103.8	264	0.89	2.57	11.65	0.02	extracted 2/17/05 MM
P16S-S70-N35	P16S-S70-N35	0.03081215	21.1348235430082	  P16S	70	2	35	20050130	20050130T00:00	-149.9997	-50.4993	-999	53.0320760202766		P16S-S70-N30	301.2576367	301		11.0607	34.5459	  33RR20050109	53.5	269.9	0.69	0.77	7.72	0.23	extracted 2/17/05 MM
P16S-S70-N36	P16S-S70-N36	0.06177295	23.6977254622734	  P16S	70	2	36	20050130	20050130T00:00	-149.9997	-50.4993	-999	5.35339457352944		P16S-S70-N32	202.043077	202		11.0527	34.5445	  33RR20050109	5.4	268.8	0.69	0.78	7.77	0.23	extracted 2/17/05 MM
P16S-S76-N26	P16S-S76-N26	0.27372923	3.12471567413846	  P16S	76	1	26	20050201	20050201T00:00	-149.99671	-53.4995	-999	452.53903000573		P16S-S70-N33	152.1206114	152		5.1078	34.2574	  33RR20050109	457.1	237.2	1.85	18.1	27	0	extracted 2/17/05 MM
P16S-S76-N28	P16S-S76-N28	0.12795591	3.7327446623449	  P16S	76	1	28	20050201	20050201T00:00	-149.99671	-53.4995	-999	354.116713520117		P16S-S70-N34	102.8796031	103		5.0713	34.1689	  33RR20050109	357.6	274.9	1.68	11.69	24.52	0.01	extracted 2/17/05 MM
P16S-S76-N30	P16S-S76-N30	0.09497888	3.58749678615495	  P16S	76	1	30	20050201	20050201T00:00	-149.99671	-53.4995	-999	256.142227938683		P16S-S70-N35	53.03207602	53		5.4219	34.1621	  33RR20050109	258.6	281.4	1.54	8.31	22.42	0.02	extracted 2/17/05 MM
P16S-S76-N32	P16S-S76-N32	0.09402005	7.1250056668679	  P16S	76	1	32	20050201	20050201T00:00	-149.99671	-53.4995	-999	153.07012168836		P16S-S70-N36	5.353394574	5		6.0607	34.195	  33RR20050109	154.5	285.6	1.43	6.52	20.48	0.09	extracted 2/17/05 MM
P16S-S76-N33	P16S-S76-N33	0.05880844	15.1092374065218	  P16S	76	1	33	20050201	20050201T00:00	-149.99671	-53.4995	-999	104.139763415154		P16S-S76-N26	452.53903	453		6.212	34.1952	  33RR20050109	105.1	292.9	1.4	4.52	18.93	0.45	extracted 2/17/05 MM
P16S-S76-N34	P16S-S76-N34	0.18472648	21.7893821538902	  P16S	76	1	34	20050201	20050201T00:00	-149.99671	-53.4995	-999	86.5061204659986		P16S-S76-N28	354.1167135	354		6.4603	34.1793	  33RR20050109	87.3	295.2	1.37	2.53	18.43	0.28	extracted 2/17/05 MM
P16S-S76-N35	P16S-S76-N35	0.08299328	19.0741050271009	  P16S	76	1	35	20050201	20050201T00:00	-149.99671	-53.4995	-999	54.6031970841673		P16S-S76-N30	256.1422279	256		7.4574	34.0133	  33RR20050109	55.1	293.7	1.25	0.74	17.84	0.17	extracted 2/17/05 MM
P16S-S76-N36	P16S-S76-N36	0.10502504	20.9903351101307	  P16S	76	1	36	20050201	20050201T00:00	-149.99671	-53.4995	-999	7.13591067133785		P16S-S76-N32	153.0701217	153		7.4408	34.0135	  33RR20050109	7.2	292.9	1.25	0.75	17.84	0.17	extracted 2/17/05 MM
P16S-S84-N20	P16S-S84-N20	0.06172178	2.56233417975143	  P16S	84	1	20	20050203	20050203T00:00	-150.0013	-57.5007	-999	440.025294363068		P16S-S76-N33	104.1397634	104		2.2389	34.5881	  33RR20050109	444.6	169.4	2.34	75.05	34.13	0	extracted 2/17/05 MM
P16S-S84-N22	P16S-S84-N22	0.0616617	4.95213448809087	  P16S	84	1	22	20050203	20050203T00:00	-150.0013	-57.5007	-999	340.048384489047		P16S-S76-N34	86.50612047	87		2.2783	34.5227	  33RR20050109	343.5	172.2	2.38	70.57	34.58	0	extracted 2/17/05 MM
P16S-S84-N24	P16S-S84-N24	0.08349312	4.99736310511483	  P16S	84	1	24	20050203	20050203T00:00	-150.0013	-57.5007	-999	235.27263721163		P16S-S76-N35	54.60319708	55		2.1784	34.409	  33RR20050109	237.6	187.8	2.38	62.43	34.69	0	extracted 2/17/05 MM
P16S-S84-N26	P16S-S84-N26	0.55839359	5.76292396091742	  P16S	84	1	26	20050203	20050203T00:00	-150.0013	-57.5007	-999	135.988081429347		P16S-S76-N36	7.135910671	7		-0.1642	34.0131	  33RR20050109	137.3	330.1	2.1	42.56	30.06	0.16	extracted 2/17/05 MM
P16S-S84-N27	P16S-S84-N27	0.24500551	12.7899877676545	  P16S	84	1	27	20050203	20050203T00:00	-150.0013	-57.5007	-999	111.233690471518		P16S-S84-N20	440.0252944	440		-0.2513	33.9602	  33RR20050109	112.3	340.6	2.04	39.13	28.23	0.21	extracted 2/17/05 MM
P16S-S84-N28	P16S-S84-N28	0.32590661	16.1382356808693	  P16S	84	1	28	20050203	20050203T00:00	-150.0013	-57.5007	-999	85.9811269532757		P16S-S84-N22	340.0483845	340		-0.3309	33.9216	  33RR20050109	86.8	345	2.03	35.29	27.99	0.18	extracted 2/17/05 MM
P16S-S84-N29	P16S-S84-N29	0.04203022	19.6680631889008	  P16S	84	1	29	20050203	20050203T00:00	-150.0013	-57.5007	-999	71.1252216574624		P16S-S84-N24	235.2726372	235		0.2786	33.9103	  33RR20050109	71.8	344.4	1.98	29.65	27.01	0.21	extracted 2/17/05 MM
P16S-S84-N31	P16S-S84-N31	0.08357852	23.2783710301662	  P16S	84	1	31	20050203	20050203T00:00	-150.0013	-57.5007	-999	4.55751144033435		P16S-S84-N26	135.9880814	136		3.0654	33.8603	  33RR20050109	4.6	326	1.69	19.19	25.33	0.28	extracted 2/17/05 MM
P16S-S90-N20	P16S-S90-N20	0.07223758	2.20981701765293	  P16S	90	2	20	20050205	20050204T00:00	-150.0006	-60	-999	488.462348171245		P16S-S84-N27	111.2336905	111		1.1571	34.7279	  33RR20050109	493.7	182.1	2.26	111.36	33.08	0	extracted 2/17/05 MM
P16S-S90-N22	P16S-S90-N22	0.08413562	2.70932718507929	  P16S	90	2	22	20050205	20050204T00:00	-150.0006	-60	-999	386.848677098035		P16S-S84-N28	85.98112695	86		1.2217	34.7293	  33RR20050109	390.9	178.9	2.28	109.48	33.34	0	extracted 2/17/05 MM
P16S-S90-N24	P16S-S90-N24	0.05088784	2.88292525924478	  P16S	90	2	24	20050205	20050204T00:00	-150.0006	-60	-999	288.152356296274		P16S-S84-N29	71.12522166	71		1.282	34.728	  33RR20050109	291.1	175.2	2.3	107.18	33.66	0	extracted 2/17/05 MM
P16S-S90-N26	P16S-S90-N26	0.05926143	4.13203324117116	  P16S	90	2	26	20050205	20050204T00:00	-150.0006	-60	-999	183.767467303601		P16S-S84-N31	4.55751144	5		0.6703	34.6085	  33RR20050109	185.6	234.4	2.27	93.73	33.15	0.01	extracted 2/17/05 MM
P16S-S90-N27	P16S-S90-N27	0.07460332	6.28438331013482	  P16S	90	2	27	20050205	20050204T00:00	-150.0006	-60	-999	133.980408802416		P16S-S90-N20	488.4428972	488		-1.51	34.2919	  33RR20050109	135.3	337.1	2.03	66.05	28.68	0.24	extracted 2/17/05 MM
P16S-S90-N28	P16S-S90-N28	0.12122631	11.3360207556784	  P16S	90	2	28	20050205	20050204T00:00	-150.0006	-60	-999	83.5871406703274		P16S-S90-N22	386.8332723	387		-1.0455	34.205	  33RR20050109	84.4	350.9	1.92	57.7	26.91	0.28	extracted 2/17/05 MM
P16S-S90-N29	P16S-S90-N29	0.19580258	20.7615315181271	  P16S	90	2	29	20050205	20050204T00:00	-150.0006	-60	-999	39.6190208385314		P16S-S90-N24	288.1408816	288		1.6127	34.1035	  33RR20050109	40	335.5	1.71	46.66	24.68	0.35	extracted 2/17/05 MM
P16S-S90-N30	P16S-S90-N30	0.13217431	21.6454849302571	  P16S	90	2	30	20050205	20050204T00:00	-150.0006	-60	-999	3.56602660702304		P16S-S90-N26	183.7601493	184		1.6092	34.1027	  33RR20050109	3.6	334.9	1.71	46.46	24.7	0.35	extracted 2/17/05 MM
P16S-S96-N18	P16S-S96-N18	0.12497022	2.1093828827909	  P16S	96	3	18	20050207	20050206T00:00	-149.9972	-63.499	-999	473.510992852074		P16S-S90-N27	133.9750734	134		1.2015	34.7288	  33RR20050109	478.7	182.1	2.25	108.67	32.69	0	extracted 2/17/05 MM
P16S-S96-N20	P16S-S96-N20	0.092452	3.26936388411125	  P16S	96	3	20	20050207	20050206T00:00	-149.9972	-63.499	-999	288.865865463828		P16S-S90-N28	83.583812	84		1.3469	34.7298	  33RR20050109	291.9	176.7	2.27	104.13	32.95	0.01	extracted 2/17/05 MM
P16S-S96-N23	P16S-S96-N23	0.08485755	4.62688752155094	  P16S	96	3	23	20050207	20050206T00:00	-149.9972	-63.499	-999	164.423454666742		P16S-S90-N29	39.61744309	40		1.02	34.6521	  33RR20050109	166.1	207.3	2.3	93.57	33.16	0.02	extracted 2/17/05 MM
P16S-S96-N24	P16S-S96-N24	0.08379117	4.26372833191739	  P16S	96	3	24	20050207	20050206T00:00	-149.9972	-63.499	-999	134.53811088408		P16S-S90-N30	3.565884597	4		-0.9015	34.3594	  33RR20050109	135.9	309.4	2.07	68.53	29.84	0.23	extracted 2/17/05 MM
P16S-S96-N25	P16S-S96-N25	0.0991134	4.45262432066451	  P16S	96	3	25	20050207	20050206T00:00	-149.9972	-63.499	-999	89.7019109656776		P16S-S96-N18	473.5109929	474		-1.6978	34.1713	  33RR20050109	90.6	331.8	1.92	54.51	26.93	0.25	extracted 2/17/05 MM
P16S-S96-N26	P16S-S96-N26	0.26565671	7.74433646259936	  P16S	96	3	26	20050207	20050206T00:00	-149.9972	-63.499	-999	64.656664351439		P16S-S96-N20	288.8658655	289		-1.548	34.0837	  33RR20050109	65.3	337.2	1.9	48.96	26.18	0.25	extracted 2/17/05 MM
P16S-S96-N27	P16S-S96-N27	0.08162681	28.0160686634259	  P16S	96	3	27	20050207	20050206T00:00	-149.9972	-63.499	-999	39.6083484404036		P16S-S96-N23	164.4234547	164		0.8649	33.9757	  33RR20050109	40	346.4	1.43	29.68	22.78	0.36	extracted 2/17/05 MM
P16S-S96-N28	P16S-S96-N28	0.14270333	20.819397542849	  P16S	96	3	28	20050207	20050206T00:00	-149.9972	-63.499	-999	2.27768823916374		P16S-S96-N24	134.5381109	135		1.0368	33.9761	  33RR20050109	2.3	344.2	1.42	29.69	22.78	0.36	extracted 2/17/05 MM. lost ~200mL during filtering, filter off center
															P16S-S96-N25	89.70191097	90											
															P16S-S96-N26	64.65666435	65											
															P16S-S96-N27	39.60834844	40											
															P16S-S96-N28	2.277688239	2											
